patent_id,year,num_citations,weighted_cites_5yrs
9198874,2015,1,0
9198928,2015,1,0
9199288,2015,1,0
9199438,2015,1,0
9199842,2015,7,1
9199994,2015,3,1
9200056,2015,1,0
9200069,2015,16,57
9200070,2015,16,57
9200090,2015,1,0
9200236,2015,1,0
9200337,2015,6,12
9200621,2015,1,0
9200622,2015,1,0
9200799,2015,1,0
9200821,2015,1,0
9201013,2015,1,1
9201266,2015,3,0
9201280,2015,4,0
9201301,2015,1,0
9201442,2015,13,13
9201726,2015,2,0
9201990,2015,1,0
9202396,2015,1,0
9202556,2015,2,0
9202557,2015,2,0
9202575,2015,2,1
9202579,2015,4,2
9202693,2015,1,0
9202722,2015,2,0
9202762,2015,2,0
9202814,2015,2,0
9202827,2015,11,4
9202842,2015,1,0
9202867,2015,1,0
9202868,2015,1,0
9202891,2015,1,0
9202898,2015,1,0
9202915,2015,2,1
9202922,2015,6,2
9202925,2015,2,0
9202926,2015,3,1
9202927,2015,1,0
9202931,2015,3,0
9202938,2015,2,1
9202965,2015,1,0
9202987,2015,4,1
9202992,2015,1,0
9202996,2015,16,37
9202997,2015,1,0
9203023,2015,1,0
9203038,2015,1,0
9203041,2015,1,0
9203084,2015,1,0
9203215,2015,2,0
9203257,2015,1,0
9204624,2015,1,0
9205040,2015,2,1
9205177,2015,2,1
9206261,2015,2,0
9206262,2015,3,0
9206263,2015,3,0
9206359,2015,1,1
9206360,2015,2,0
9206365,2015,1,0
9206368,2015,1,0
9206377,2015,1,0
9206390,2015,16,57
9206401,2015,1,0
9206443,2015,1,0
9206444,2015,1,0
9206447,2015,5,0
9206448,2015,2,0
9206509,2015,1,0
9206680,2015,3,1
9206952,2015,2,0
9206969,2015,1,0
9206997,2015,1,0
9207053,2015,3,0
9207357,2015,2,0
9207385,2015,1,0
9207399,2015,4,2
9207504,2015,7,1
9207735,2015,2,0
9207993,2015,11,2
9208840,2015,19,11
9208848,2015,1,0
9208887,2015,2,4
9209023,2015,1,0
9209025,2015,1,0
9209026,2015,17,15
9209081,2015,1,0
9209099,2015,1,0
9209140,2015,1,0
9209191,2015,3,3
9209203,2015,2,0
9209256,2015,10,0
9209262,2015,1,0
9209267,2015,1,0
9209282,2015,1,0
9209283,2015,3,4
9209289,2015,2,0
9209306,2015,1,0
9209307,2015,9,1
9209311,2015,1,0
9209314,2015,5,0
9209323,2015,2,1
9209326,2015,1,0
9209332,2015,2,0
9209336,2015,3,0
9209360,2015,2,2
9209374,2015,1,0
9209375,2015,4,5
9209494,2015,1,0
9209596,2015,2,0
9209626,2015,1,0
9209650,2015,3,0
9209766,2015,1,0
9210835,2015,1,0
9211256,2015,1,0
9211419,2015,2,0
9211510,2015,1,0
9211527,2015,2,0
9211678,2015,4,0
9212056,2015,5,0
9212063,2015,1,0
9212104,2015,1,0
9212131,2015,2,1
9212191,2015,6,4
9212285,2015,1,0
9212294,2015,12,10
9212314,2015,1,0
9212374,2015,1,0
9212397,2015,1,0
9212829,2015,1,0
9212895,2015,1,0
9213191,2015,8,12
9213192,2015,8,12
9213206,2015,4,1
9213593,2015,1,0
9213929,2015,1,0
9213945,2015,1,0
9214280,2015,2,0
9214281,2015,1,0
9214333,2015,9,29
9214334,2015,15,47
9214349,2015,1,0
9214350,2015,1,1
9214354,2015,2,2
9214389,2015,1,0
9214429,2015,1,0
9214474,2015,14,4
9214526,2015,1,0
9214563,2015,9,1
9214566,2015,7,2
9214585,2015,1,0
9214594,2015,1,0
9214817,2015,1,0
9214832,2015,1,0
9214891,2015,8,1
9215779,2015,2,2
9216155,2015,1,0
9216211,2015,1,0
9216225,2015,1,0
9216398,2015,16,40
9216434,2015,4,0
9216546,2015,4,0
9216558,2015,1,0
9216908,2015,1,1
9216910,2015,2,0
9216916,2015,1,0
9217114,2015,1,0
9217143,2015,9,7
9217207,2015,1,0
9217210,2015,1,0
9217681,2015,1,0
9217758,2015,1,0
9218013,2015,1,0
9218035,2015,2,0
9218176,2015,2,0
9218245,2015,1,0
9218870,2015,1,0
9218888,2015,1,0
9218917,2015,2,0
9218955,2015,2,0
9218959,2015,1,0
9218966,2015,4,0
9219064,2015,4,0
9219066,2015,1,0
9219100,2015,2,0
9219134,2015,1,0
9219135,2015,2,0
9219145,2015,1,0
9219150,2015,1,0
9219154,2015,6,2
9219158,2015,3,0
9219160,2015,4,0
9219175,2015,1,0
9219349,2015,1,0
9219402,2015,2,1
9219991,2015,4,0
9220455,2015,2,1
9220689,2015,1,0
9220785,2015,1,0
9220788,2015,5,3
9221032,2015,1,0
9221056,2015,1,0
9221064,2015,2,1
9221136,2015,1,0
9221214,2015,1,0
9221707,2015,4,1
9221788,2015,6,0
9221888,2015,3,1
9221894,2015,1,0
9221919,2015,2,1
9221990,2015,1,0
9222028,2015,2,0
9222099,2015,1,0
9222103,2015,1,0
9222342,2015,1,0
9222702,2015,1,0
9222704,2015,2,0
9223167,2015,1,0
9224412,2015,1,0
9224609,2015,3,0
9224622,2015,1,0
9224631,2015,1,0
9224659,2015,1,0
9224667,2015,1,0
9224745,2015,2,2
9224749,2015,1,0
9224757,2015,1,1
9224808,2015,5,1
9224809,2015,1,0
9224810,2015,5,3
9224812,2015,1,0
9224816,2015,1,0
9224825,2015,2,1
9224838,2015,1,0
9224850,2015,1,0
9224851,2015,3,0
9224852,2015,6,4
9224871,2015,2,0
9224875,2015,2,1
9224914,2015,1,0
9224985,2015,1,0
9225003,2015,1,0
9225072,2015,1,0
9225199,2015,4,1
9225261,2015,2,1
9226361,2015,1,0
9226484,2016,3,0
9226890,2016,1,0
9226935,2016,1,0
9227393,2016,15,8
9227456,2016,4,4
9227790,2016,1,0
9227846,2016,1,0
9227941,2016,1,0
9228010,2016,1,0
9228072,2016,2,0
9228180,2016,1,0
9228205,2016,1,0
9228208,2016,7,1
9228697,2016,2,0
9228974,2016,1,0
9229964,2016,23,3
9230647,2016,1,0
9230793,2016,1,0
9230799,2016,1,0
9230979,2016,16,21
9230980,2016,5,4
9230987,2016,21,9
9230989,2016,2,0
9230996,2016,1,0
9230998,2016,1,1
9231002,2016,1,0
9231029,2016,2,1
9231052,2016,1,0
9231066,2016,1,0
9231070,2016,1,0
9231096,2016,1,0
9231129,2016,1,0
9231132,2016,1,0
9231145,2016,1,0
9231169,2016,1,0
9231201,2016,1,0
9231223,2016,3,3
9231518,2016,2,0
9231519,2016,1,0
9232290,2016,4,0
9232776,2016,2,0
9232813,2016,1,0
9233072,2016,5,0
9233110,2016,1,0
9233131,2016,1,0
9233366,2016,1,0
9233746,2016,3,3
9233845,2016,1,0
9234013,2016,1,0
9234033,2016,15,43
9234075,2016,1,0
9234084,2016,1,0
9234106,2016,2,0
9234125,2016,4,0
9234167,2016,1,0
9234213,2016,5,0
9234224,2016,1,0
9234227,2016,1,0
9234277,2016,2,0
9234280,2016,1,0
9234501,2016,3,2
9234633,2016,2,0
9234872,2016,1,0
9234882,2016,1,0
9235236,2016,12,3
9236162,2016,1,0
9236169,2016,3,0
9236197,2016,1,0
9236297,2016,9,19
9236305,2016,1,0
9236309,2016,1,0
9236310,2016,1,0
9236335,2016,1,0
9236385,2016,2,1
9236395,2016,2,0
9236396,2016,8,2
9236405,2016,1,0
9236412,2016,2,4
9236432,2016,2,1
9236444,2016,1,0
9236456,2016,4,1
9236460,2016,7,1
9236461,2016,1,0
9236473,2016,1,0
9236485,2016,1,0
9236505,2016,1,0
9236513,2016,2,0
9236515,2016,1,0
9236516,2016,1,0
9236524,2016,4,2
9236526,2016,1,0
9236552,2016,1,1
9236572,2016,1,0
9236575,2016,1,1
9236637,2016,1,0
9236638,2016,1,0
9237606,2016,1,0
9238038,2016,1,0
9238091,2016,1,0
9238353,2016,1,0
9238354,2016,14,5
9238505,2016,1,1
9238674,2016,6,2
9238806,2016,1,0
9238822,2016,3,0
9238827,2016,1,0
9238835,2016,2,0
9238845,2016,1,1
9239284,2016,1,0
9239417,2016,2,0
9239484,2016,1,0
9240221,2016,1,1
9240222,2016,1,0
9240258,2016,1,0
9240410,2016,2,1
9240416,2016,1,0
9240447,2016,2,2
9240464,2016,5,1
9240467,2016,1,0
9240478,2016,2,0
9240485,2016,2,0
9240486,2016,1,0
9240506,2016,1,0
9240539,2016,1,0
9240564,2016,1,0
9241898,2016,1,0
9241986,2016,1,0
9242003,2016,2,0
9242125,2016,1,0
9242431,2016,1,0
9242554,2016,1,2
9242717,2016,3,1
9242865,2016,1,0
9242895,2016,1,0
9243053,2016,1,0
9243107,2016,7,0
9243141,2016,5,0
9243146,2016,4,0
9243159,2016,1,0
9243214,2016,1,0
9243246,2016,1,0
9243258,2016,1,0
9243303,2016,4,0
9243347,2016,1,0
9243475,2016,5,1
9243609,2016,1,0
9244103,2016,1,0
9244296,2016,1,0
9244305,2016,1,0
9245167,2016,1,0
9245549,2016,1,0
9245551,2016,15,22
9245609,2016,1,1
9245629,2016,3,4
9245752,2016,1,0
9245765,2016,1,0
9245789,2016,1,0
9245816,2016,1,0
9245838,2016,2,1
9245889,2016,3,3
9245896,2016,1,0
9245957,2016,1,0
9245958,2016,11,3
9245959,2016,1,9
9245962,2016,2,0
9245969,2016,1,0
9245983,2016,1,0
9245989,2016,1,0
9246001,2016,6,2
9246011,2016,6,0
9246034,2016,2,0
9246047,2016,4,0
9246112,2016,1,0
9246334,2016,62,4
9246397,2016,1,0
9246461,2016,1,0
9247109,2016,3,0
9247672,2016,1,0
9247960,2016,4,0
9247992,2016,2,0
9248101,2016,1,0
9248177,2016,1,0
9248412,2016,1,0
9248441,2016,1,0
9248468,2016,2,0
9249032,2016,2,0
9249076,2016,2,0
9249201,2016,1,0
9249218,2016,2,0
9249243,2016,1,0
9249250,2016,1,0
9249334,2016,13,10
9249395,2016,1,0
9249425,2016,1,0
9249526,2016,13,11
9249730,2016,3,0
9250185,2016,1,0
9250351,2016,1,0
9250389,2016,1,0
9250528,2016,1,0
9251458,2016,3,1
9251822,2016,1,0
9251868,2016,1,2
9251912,2016,1,0
9252092,2016,1,0
9252103,2016,1,0
9252108,2016,2,0
9252160,2016,1,0
9252190,2016,1,0
9252194,2016,1,0
9252211,2016,1,0
9252251,2016,3,0
9252268,2016,1,0
9252275,2016,1,0
9252276,2016,6,2
9252279,2016,3,1
9252283,2016,6,0
9252287,2016,5,0
9252301,2016,6,0
9252313,2016,4,0
9252985,2016,1,0
9253587,2016,8,12
9254172,2016,1,0
9254461,2016,3,3
9254481,2016,1,0
9254588,2016,2,0
9254789,2016,1,0
9255007,2016,2,1
9255086,2016,1,0
9255172,2016,2,0
9255273,2016,1,0
9255288,2016,1,0
9255321,2016,1,0
9255725,2016,1,0
9255839,2016,1,0
9256126,2016,1,0
9256523,2016,1,0
9257258,2016,1,0
9257275,2016,3,0
9257276,2016,3,1
9257303,2016,7,4
9257359,2016,1,0
9257446,2016,1,0
9257472,2016,1,0
9257509,2016,2,0
9257510,2016,1,0
9257521,2016,2,2
9257527,2016,7,0
9257538,2016,2,0
9257545,2016,1,0
9257556,2016,3,0
9257569,2016,7,0
9257575,2016,2,0
9257582,2016,3,5
9257586,2016,1,0
9257594,2016,2,0
9257600,2016,1,0
9257606,2016,1,0
9257682,2016,1,0
9259268,2016,3,1
9259461,2016,1,1
9259492,2016,1,0
9260289,2016,2,0
9260305,2016,1,0
9260310,2016,2,1
9260312,2016,1,0
9260398,2016,3,1
9260471,2016,1,0
9260532,2016,1,0
9260708,2016,5,0
9260720,2016,1,0
9260723,2016,1,0
9260734,2016,1,0
9260752,2016,12,5
9261508,2016,1,0
9261659,2016,1,0
9263253,2016,2,0
9263259,2016,3,0
9263260,2016,1,0
9263285,2016,1,0
9263373,2016,1,0
9263378,2016,2,0
9263393,2016,1,0
9263469,2016,4,0
9263472,2016,2,0
9263507,2016,1,0
9263519,2016,1,0
9263534,2016,1,0
9263536,2016,1,0
9263557,2016,2,0
9263561,2016,1,0
9263586,2016,1,0
9263605,2016,1,0
9263625,2016,1,0
9263637,2016,1,0
9263660,2016,1,0
9265558,2016,1,0
9265815,2016,16,30
9265818,2016,1,0
9265843,2016,1,0
9266092,2016,1,0
9266261,2016,1,0
9266591,2016,1,0
9266750,2016,2,0
9266762,2016,1,0
9266781,2016,1,0
9266949,2016,14,30
9267102,2016,1,0
9267145,2016,2,0
9267152,2016,2,0
9267157,2016,6,0
9267164,2016,1,0
9267664,2016,1,0
9267853,2016,1,0
9267894,2016,3,0
9268188,2016,3,1
9268428,2016,1,0
9268451,2016,1,0
9268637,2016,1,0
9269315,2016,1,0
9269419,2016,1,0
9269569,2016,1,0
9269622,2016,1,1
9269627,2016,2,0
9269630,2016,1,0
9269718,2016,2,0
9269728,2016,2,0
9269755,2016,1,0
9269773,2016,2,0
9269794,2016,2,0
9269800,2016,1,0
9269817,2016,1,0
9269821,2016,7,0
9269823,2016,2,0
9269825,2016,1,0
9269827,2016,1,0
9269839,2016,6,0
9269852,2016,2,0
9269873,2016,1,0
9269989,2016,1,0
9270164,2016,1,0
9270201,2016,3,0
9270278,2016,1,0
9271453,2016,1,0
9271926,2016,1,1
9271933,2016,1,0
9271986,2016,1,0
9271998,2016,1,0
9272043,2016,1,0
9272158,2016,1,0
9272246,2016,1,0
9272334,2016,1,0
9272468,2016,1,0
9272497,2016,1,0
9272783,2016,2,0
9272930,2016,1,0
9272986,2016,3,1
9273004,2016,2,0
9273248,2016,1,0
9273277,2016,1,0
9273326,2016,1,0
9273330,2016,5,0
9273352,2016,2,0
9273840,2016,1,0
9273883,2016,2,0
9273884,2016,1,0
9274391,2016,3,0
9275391,2016,1,0
9275710,2016,1,0
9275737,2016,2,1
9275741,2016,3,0
9275745,2016,2,0
9275762,2016,1,0
9275772,2016,3,0
9275773,2016,1,0
9275844,2016,2,0
9275857,2016,2,0
9275864,2016,2,1
9275896,2016,1,1
9275996,2016,4,0
9276064,2016,4,0
9276078,2016,1,0
9276121,2016,4,1
9276125,2016,1,0
9276144,2016,1,0
9276151,2016,1,0
9276168,2016,1,0
9276197,2016,1,0
9276213,2016,1,0
9276216,2016,1,0
9276381,2016,1,0
9277607,2016,2,0
9277697,2016,1,0
9278069,2016,1,0
9278161,2016,1,0
9278392,2016,2,0
9278862,2016,1,1
9278896,2016,4,1
9279153,2016,1,0
9279163,2016,1,0
9279195,2016,1,0
9279601,2016,1,0
9279767,2016,1,0
9279785,2016,1,0
9279863,2016,2,0
9280076,2016,3,1
9281016,2016,2,1
9281132,2016,4,0
9281181,2016,2,0
9281276,2016,1,0
9281298,2016,1,1
9281300,2016,2,1
9281355,2016,2,0
9281358,2016,3,3
9281362,2016,1,0
9281385,2016,1,0
9281409,2016,5,0
9281410,2016,1,0
9281412,2016,13,2
9281427,2016,1,0
9281431,2016,1,0
9281442,2016,3,0
9281472,2016,4,2
9282995,2016,1,0
9283155,2016,1,0
9283184,2016,1,0
9283501,2016,2,0
9284267,2016,1,0
9284280,2016,1,0
9284353,2016,9,11
9284566,2016,1,0
9284570,2016,2,1
9284575,2016,2,0
9284605,2016,1,0
9284640,2016,1,0
9284656,2016,1,0
9284886,2016,11,2
9284940,2016,1,0
9284952,2016,2,0
9285816,2016,1,0
9286024,2016,2,0
9286041,2016,1,0
9286949,2016,1,0
9286955,2016,5,2
9287116,2016,1,0
9287132,2016,1,1
9287189,2016,1,0
9287259,2016,1,0
9287288,2016,1,0
9287292,2016,2,0
9287327,2016,2,0
9287352,2016,1,0
9287360,2016,2,0
9287381,2016,1,0
9287386,2016,1,0
9287388,2016,1,0
9287390,2016,2,0
9287395,2016,2,0
9287405,2016,2,0
9287407,2016,1,0
9287408,2016,3,1
9287410,2016,7,0
9287411,2016,9,0
9287430,2016,1,0
9287431,2016,8,0
9287438,2016,3,0
9287439,2016,1,0
9287442,2016,4,0
9287455,2016,4,0
9287464,2016,1,5
9287469,2016,2,0
9287516,2016,1,0
9287518,2016,1,0
9287553,2016,2,0
9287561,2016,2,1
9287701,2016,2,0
9287877,2016,2,0
9288564,2016,1,0
9289476,2016,2,0
9289477,2016,2,0
9289496,2016,1,0
9289696,2016,1,1
9290258,2016,3,3
9290561,2016,1,0
9290568,2016,14,30
9290612,2016,1,0
9290635,2016,1,0
9290636,2016,2,0
9290762,2016,1,0
9290780,2016,1,1
9290808,2016,11,3
9290809,2016,9,2
9290821,2016,1,0
9290845,2016,1,0
9291365,2016,1,0
9291367,2016,1,0
9291562,2016,1,2
9291618,2016,3,0
9291642,2016,1,0
9291696,2016,18,2
9291870,2016,1,0
9293177,2016,1,1
9293343,2016,1,0
9293349,2016,1,2
9293401,2016,1,0
9293436,2016,1,0
9293459,2016,10,4
9293470,2016,1,0
9293496,2016,1,0
9293532,2016,1,0
9293536,2016,1,0
9293560,2016,1,0
9293564,2016,5,1
9293566,2016,1,0
9293576,2016,1,0
9293592,2016,4,0
9293602,2016,12,0
9293636,2016,1,0
9293703,2016,5,3
9293719,2016,1,0
9293892,2016,1,0
9293948,2016,1,0
9295718,2016,2,0
9295727,2016,1,0
9295757,2016,3,0
9296609,2016,2,0
9296614,2016,1,1
9296656,2016,1,0
9296850,2016,1,0
9296912,2016,1,0
9296999,2016,1,0
9297008,2016,1,0
9297016,2016,5,0
9297024,2016,1,0
9297026,2016,2,0
9297028,2016,5,0
9297029,2016,6,0
9297062,2016,1,0
9297092,2016,5,0
9297555,2016,1,0
9297796,2016,3,2
9297912,2016,2,0
9298039,2016,1,0
9299409,2016,1,0
9299426,2016,2,1
9299473,2016,2,0
9299474,2016,1,0
9299478,2016,1,0
9299494,2016,1,0
9299576,2016,1,0
9299579,2016,1,0
9299637,2016,1,0
9299649,2016,3,0
9299701,2016,1,0
9299723,2016,1,0
9299807,2016,1,0
9299820,2016,1,2
9299876,2016,1,16
9299914,2016,2,0
9300115,2016,2,0
9300141,2016,1,0
9300169,2016,2,1
9300225,2016,2,0
9301509,2016,2,0
9301510,2016,1,0
9301693,2016,2,1
9301974,2016,2,0
9301984,2016,1,0
9302003,2016,1,0
9302116,2016,2,0
9302258,2016,1,0
9302260,2016,3,0
9302590,2016,1,0
9302635,2016,1,0
9302792,2016,1,0
9303153,2016,1,0
9303213,2016,1,0
9303223,2016,1,0
9303225,2016,5,0
9303273,2016,1,0
9303310,2016,1,0
9303629,2016,1,0
9304072,2016,2,0
9304130,2016,1,0
9304243,2016,1,0
9304358,2016,1,0
9305674,2016,1,0
9305715,2016,1,0
9305735,2016,1,0
9305756,2016,1,0
9305774,2016,1,0
9305780,2016,2,0
9305781,2016,3,0
9305807,2016,2,0
9305824,2016,1,0
9305859,2016,1,0
9305928,2016,1,0
9305934,2016,6,11
9305937,2016,7,2
9305952,2016,1,0
9306002,2016,1,0
9306019,2016,2,4
9306021,2016,1,0
9306025,2016,2,0
9306027,2016,1,0
9306028,2016,2,0
9306051,2016,1,0
9306075,2016,1,0
9306079,2016,3,0
9306086,2016,1,0
9306101,2016,1,0
9306103,2016,1,0
9306118,2016,1,0
9306593,2016,1,0
9306646,2016,1,0
9306672,2016,3,0
9307578,2016,1,0
9307648,2016,1,0
9308043,2016,1,0
9308044,2016,1,0
9308167,2016,1,0
9308180,2016,4,0
9308280,2016,5,0
9308731,2016,1,0
9308969,2016,2,0
9309205,2016,1,0
9309220,2016,4,0
9309289,2016,2,0
9309444,2016,3,0
9309446,2016,2,0
9309545,2016,4,1
9309546,2016,1,0
9309590,2016,1,0
9309860,2016,1,0
9309861,2016,1,0
9310072,2016,1,0
9310376,2016,1,0
9310495,2016,1,1
9310626,2016,7,0
9310673,2016,2,0
9312046,2016,1,0
9312123,2016,1,0
9312127,2016,1,0
9312134,2016,3,1
9312151,2016,1,0
9312165,2016,2,0
9312186,2016,1,1
9312215,2016,2,0
9312225,2016,2,1
9312270,2016,1,0
9312291,2016,4,1
9312393,2016,4,1
9312394,2016,6,0
9312420,2016,1,0
9312447,2016,1,0
9312507,2016,1,0
9312698,2016,2,1
9312724,2016,2,0
9313549,2016,1,0
9314548,2016,1,0
9314777,2016,1,0
9315388,2016,2,3
9315516,2016,1,0
9315550,2016,3,0
9315574,2016,13,17
9315633,2016,1,0
9315703,2016,2,1
9315807,2016,1,0
9315817,2016,1,0
9315832,2016,2,0
9315840,2016,1,0
9315864,2016,2,0
9315910,2016,2,0
9315942,2016,2,0
9316416,2016,1,0
9316872,2016,1,0
9318103,2016,1,2
9318164,2016,1,0
9318196,2016,1,0
9318201,2016,1,0
9318316,2016,3,0
9318317,2016,1,0
9318330,2016,1,0
9318404,2016,3,1
9318461,2016,1,0
9318477,2016,3,0
9318500,2016,2,0
9318503,2016,1,0
9318506,2016,2,0
9318507,2016,3,1
9318512,2016,9,6
9318530,2016,2,0
9318553,2016,6,0
9318572,2016,2,0
9318577,2016,1,0
9318591,2016,4,0
9318610,2016,3,0
9318611,2016,1,0
9318612,2016,1,0
9318613,2016,11,0
9318622,2016,1,0
9318635,2016,1,0
9318637,2016,1,0
9318644,2016,2,0
9318650,2016,4,0
9318652,2016,6,0
9318866,2016,3,2
9318905,2016,1,0
9320136,2016,5,0
9320321,2016,2,0
9320387,2016,2,0
9320491,2016,1,0
9320561,2016,1,0
9320698,2016,1,0
9320719,2016,1,0
9320749,2016,1,0
9320807,2016,1,0
9321243,2016,1,0
9321352,2016,2,1
9321754,2016,1,0
9322005,2016,1,0
9322006,2016,2,0
9322036,2016,1,0
9322133,2016,1,0
9322543,2016,2,0
9322574,2016,2,0
9322575,2016,1,0
9322820,2016,1,0
9323972,2016,6,5
9324504,2016,1,0
9324562,2016,1,0
9324587,2016,1,0
9324589,2016,1,0
9324692,2016,1,0
9324696,2016,12,5
9324710,2016,1,0
9324716,2016,1,0
9324726,2016,1,1
9324728,2016,1,0
9324733,2016,7,0
9324743,2016,1,0
9324753,2016,1,0
9324757,2016,1,0
9324796,2016,1,0
9324804,2016,1,0
9324810,2016,1,0
9324812,2016,2,0
9324816,2016,1,0
9324850,2016,1,0
9324874,2016,2,2
9324875,2016,5,0
9324876,2016,2,0
9324878,2016,1,0
9324880,2016,1,0
9324882,2016,2,1
9324893,2016,1,0
9324898,2016,1,0
9325173,2016,4,1
9325259,2016,1,0
9325947,2016,1,0
9326533,2016,1,0
9326817,2016,1,0
9327037,2016,3,0
9327056,2016,1,0
9327122,2016,2,0
9327226,2016,2,0
9327816,2016,3,3
9327970,2016,2,0
9327979,2016,1,0
9327981,2016,1,0
9327982,2016,1,0
9328032,2016,1,1
9328211,2016,8,6
9328393,2016,4,1
9328601,2016,2,0
9328788,2016,2,0
9328906,2016,2,0
9329201,2016,1,0
9329445,2016,1,0
9329600,2016,3,3
9330013,2016,1,0
9330739,2016,1,0
9330768,2016,1,0
9330772,2016,3,0
9330854,2016,1,0
9330903,2016,2,0
9330904,2016,1,0
9330906,2016,4,0
9330909,2016,2,0
9330922,2016,1,0
9330936,2016,1,6
9330940,2016,1,0
9330963,2016,4,1
9330970,2016,1,0
9330982,2016,1,0
9331058,2016,1,1
9331071,2016,1,0
9331077,2016,3,0
9331093,2016,2,0
9331100,2016,5,0
9331108,2016,2,0
9331112,2016,7,0
9331126,2016,2,0
9331146,2016,3,4
9331156,2016,2,9
9331163,2016,1,0
9331190,2016,1,0
9331198,2016,1,0
9331206,2016,1,0
9331207,2016,1,0
9331208,2016,7,1
9331212,2016,1,0
9331223,2016,1,0
9331229,2016,1,0
9331240,2016,5,0
9331283,2016,1,0
9331323,2016,1,0
9331499,2016,2,0
9331695,2016,2,0
9331751,2016,1,0
9332974,2016,105,32
9333063,2016,1,0
9333097,2016,5,1
9333207,2016,1,0
9333271,2016,1,0
9333487,2016,1,0
9334319,2016,13,17
9334464,2016,1,0
9334494,2016,1,0
9334518,2016,5,5
9334616,2016,2,1
9335027,2016,1,0
9335069,2016,1,0
9335281,2016,1,0
9335289,2016,1,0
9335471,2016,1,0
9335530,2016,1,0
9337023,2016,1,0
9337025,2016,1,0
9337057,2016,1,0
9337068,2016,2,0
9337083,2016,1,0
9337093,2016,2,0
9337139,2016,1,0
9337149,2016,1,0
9337203,2016,1,0
9337230,2016,1,0
9337233,2016,1,0
9337262,2016,1,0
9337264,2016,1,0
9337274,2016,1,0
9337300,2016,1,0
9337305,2016,2,0
9337319,2016,2,2
9337321,2016,3,0
9337343,2016,1,0
9337345,2016,1,0
9337347,2016,2,0
9337359,2016,1,0
9337360,2016,1,0
9337363,2016,1,0
9337373,2016,1,0
9337481,2016,1,0
9337770,2016,1,1
9337771,2016,1,0
9338350,2016,1,0
9338927,2016,1,0
9339476,2016,2,0
9339539,2016,1,0
9339557,2016,1,0
9339562,2016,1,0
9339584,2016,1,0
9339790,2016,1,0
9340516,2016,1,0
9340637,2016,1,0
9340697,2016,1,0
9340834,2016,1,0
9340900,2016,1,0
9341166,2016,2,0
9341580,2016,1,0
9341589,2016,3,0
9341592,2016,2,0
9341763,2016,2,0
9341773,2016,2,0
9341858,2016,1,0
9343296,2016,1,0
9343321,2016,1,0
9343479,2016,1,0
9343487,2016,1,0
9343559,2016,4,0
9343570,2016,1,0
9343579,2016,2,0
9343584,2016,1,0
9343585,2016,1,0
9343586,2016,1,1
9343594,2016,2,0
9343595,2016,4,2
9343601,2016,1,0
9343664,2016,1,0
9343906,2016,1,0
9345498,2016,1,0
9346052,2016,1,0
9346238,2016,1,0
9346397,2016,1,0
9346566,2016,2,0
9346676,2016,1,0
9346879,2016,13,17
9346897,2016,2,0
9347051,2016,3,12
9347076,2016,1,0
9347101,2016,1,0
9347105,2016,2,0
9347141,2016,1,0
9347143,2016,1,0
9347312,2016,2,0
9347687,2016,1,0
9347689,2016,1,0
9347692,2016,1,0
9347834,2016,1,0
9347885,2016,1,0
9347923,2016,1,0
9348034,2016,1,0
9348036,2016,1,0
9348228,2016,1,0
9348394,2016,1,0
9349586,2016,1,0
9349593,2016,4,0
9349597,2016,1,0
9349640,2016,1,0
9349687,2016,2,0
9349751,2016,2,0
9349752,2016,1,0
9349759,2016,1,0
9349789,2016,1,0
9349802,2016,1,0
9349811,2016,1,0
9349849,2016,3,0
9349869,2016,2,0
9349874,2016,3,0
9349875,2016,1,0
9349882,2016,2,0
9349883,2016,1,0
9349899,2016,1,0
9349900,2016,2,0
9349940,2016,1,0
9349951,2016,2,0
9349995,2016,4,0
9350140,2016,1,0
9350185,2016,1,0
9351423,2016,2,0
9351910,2016,3,2
9352055,2016,1,0
9352294,2016,2,1
9352389,2016,1,0
9352887,2016,1,0
9352963,2016,1,0
9353122,2016,3,0
9353123,2016,1,0
9353268,2016,2,0
9353344,2016,1,0
9353387,2016,1,0
9353394,2016,1,0
9353434,2016,3,1
9353478,2016,2,0
9353972,2016,1,0
9354394,2016,1,0
9354465,2016,3,2
9355631,2016,2,2
9355828,2016,1,0
9355842,2016,1,0
9355844,2016,1,1
9355846,2016,1,0
9355849,2016,2,0
9355861,2016,1,0
9355873,2016,4,3
9355913,2016,1,1
9355915,2016,1,0
9356032,2016,1,0
9356089,2016,2,0
9356098,2016,1,0
9356138,2016,1,0
9356155,2016,1,0
9356171,2016,1,0
9356238,2016,1,0
9356241,2016,1,0
9356281,2016,1,0
9357212,2016,1,0
9358215,2016,1,0
9358248,2016,1,0
9358369,2016,1,0
9358528,2016,1,0
9359202,2016,1,0
9359208,2016,2,3
9359212,2016,1,0
9359289,2016,1,0
9359396,2016,1,0
9359434,2016,13,17
9359599,2016,3,0
9359603,2016,1,0
9359646,2016,4,1
9360236,2016,2,1
9360589,2016,1,0
9360614,2016,1,0
9360905,2016,1,0
9361418,2016,1,0
9362109,2016,2,0
9362133,2016,1,0
9362161,2016,12,2
9362175,2016,1,0
9362177,2016,1,0
9362273,2016,1,0
9362294,2016,1,0
9362295,2016,2,0
9362321,2016,1,0
9362352,2016,1,0
9362353,2016,1,0
9362376,2016,1,0
9362416,2016,2,0
9362425,2016,2,0
9362439,2016,2,0
9362470,2016,1,0
9362489,2016,1,0
9362527,2016,1,0
9363932,2016,2,0
9363994,2016,1,0
9365567,2016,1,0
9365679,2016,5,0
9365701,2016,1,0
9365727,2016,1,0
9365776,2016,1,0
9365829,2016,1,0
9365872,2016,5,0
9365900,2016,4,1
9365921,2016,1,0
9365978,2016,1,0
9366573,2016,2,0
9366664,2016,1,0
9366714,2016,2,0
9366787,2016,2,0
9366920,2016,1,0
9368058,2016,2,0
9368160,2016,1,0
9368177,2016,2,0
9368194,2016,2,0
9368213,2016,1,0
9368236,2016,1,0
9368291,2016,5,0
9368374,2016,1,0
9368409,2016,1,0
9368427,2016,1,0
9368509,2016,6,1
9368516,2016,1,0
9368518,2016,1,0
9368525,2016,1,0
9368551,2016,1,0
9368574,2016,2,0
9368579,2016,1,0
9368580,2016,4,0
9368581,2016,1,0
9368607,2016,1,0
9368625,2016,3,0
9368636,2016,3,0
9368640,2016,2,0
9368641,2016,3,4
9368671,2016,36,49
9368677,2016,1,0
9368723,2016,1,0
9368775,2016,5,0
9368941,2016,1,0
9368971,2016,2,0
9369126,2016,1,0
9370493,2016,1,0
9370494,2016,2,0
9371235,2016,1,0
9371258,2016,1,0
9371338,2016,1,1
9371534,2016,1,0
9371547,2016,2,0
9371568,2016,1,0
9372283,2016,1,0
9372306,2016,1,0
9372398,2016,1,0
9373274,2016,1,0
9373515,2016,1,0
9373547,2016,1,0
9373658,2016,1,0
9373693,2016,1,0
9373736,2016,2,1
9373846,2016,1,0
9373863,2016,1,0
9373896,2016,1,0
9373931,2016,1,1
9374955,2016,1,0
9375481,2016,1,0
9375684,2016,1,0
9375703,2016,2,1
9376468,2016,3,0
9376541,2016,1,0
9376593,2016,2,0
9376616,2016,1,0
9376677,2016,7,11
9376695,2016,1,0
9376726,2016,3,0
9377437,2016,1,0
9377571,2016,2,0
9377631,2016,1,0
9377765,2016,1,0
9378320,2016,1,0
9378446,2016,1,0
9378789,2016,1,0
9378969,2016,28,157
9379124,2016,4,0
9379131,2016,1,0
9379161,2016,1,0
9379165,2016,1,4
9379182,2016,1,0
9379248,2016,1,0
9379249,2016,2,0
9379252,2016,1,0
9379256,2016,1,0
9379274,2016,2,0
9379368,2016,5,0
9379522,2016,1,0
9379641,2016,1,0
9380721,2016,1,0
9380724,2016,2,0
9381111,2016,2,0
9381235,2016,1,0
9381325,2016,2,0
9381449,2016,1,0
9381471,2016,1,0
9382117,2016,1,3
9382210,2016,3,0
9382392,2016,3,0
9382449,2016,2,0
9382473,2016,2,0
9382482,2016,2,1
9382489,2016,1,0
9382532,2016,4,0
9382536,2016,1,0
9382589,2016,3,2
9382611,2016,1,0
9382626,2016,2,0
9383294,2016,1,0
9383821,2016,1,0
9383822,2016,1,0
9384865,2016,1,0
9384904,2016,1,0
9384942,2016,1,0
9384977,2016,1,0
9385006,2016,2,0
9385148,2016,2,0
9385169,2016,1,0
9385180,2016,2,0
9385230,2016,1,1
9385238,2016,3,0
9385277,2016,1,0
9385326,2016,1,0
9387002,2016,1,0
9387171,2016,3,2
9387251,2016,1,0
9387461,2016,1,0
9387489,2016,2,0
9387505,2016,3,0
9388048,2016,7,1
9388049,2016,1,0
9388151,2016,2,0
9388251,2016,1,1
9388392,2016,5,0
9388430,2016,3,0
9388442,2016,3,1
9388528,2016,2,0
9389472,2016,1,0
9390571,2016,1,0
9390796,2016,2,0
9390802,2016,1,0
9390911,2016,1,0
9390918,2016,1,0
9390944,2016,1,0
9391022,2016,1,0
9391037,2016,1,0
9391051,2016,1,0
9391086,2016,1,0
9391089,2016,2,0
9391090,2016,1,0
9391096,2016,3,0
9391097,2016,1,0
9391157,2016,1,0
9391213,2016,1,0
9391229,2016,1,0
9391262,2016,2,0
9391541,2016,1,0
9391617,2016,1,0
9392735,2016,6,3
9392786,2016,1,0
9393257,2016,1,0
9393318,2016,6,4
9393323,2016,1,0
9393462,2016,1,0
9393541,2016,1,0
9393879,2016,1,0
9393921,2016,1,0
9394171,2016,1,0
9394176,2016,2,0
9394283,2016,1,0
9394397,2016,1,0
9394537,2016,1,0
9394875,2016,1,0
9394878,2016,1,2
9395051,2016,1,0
9395103,2016,1,0
9395283,2016,5,0
9395352,2016,3,0
9395353,2016,2,0
9395359,2016,4,0
9395475,2016,1,0
9396393,2016,1,0
9396799,2016,1,0
9396843,2016,1,0
9396934,2016,17,34
9396940,2016,1,0
9397102,2016,3,0
9397111,2016,1,1
9397126,2016,1,0
9397136,2016,1,0
9397142,2016,1,2
9397144,2016,1,0
9397149,2016,1,0
9397153,2016,4,0
9397188,2016,1,0
9397194,2016,9,0
9397200,2016,1,0
9397241,2016,1,0
9397251,2016,2,0
9397255,2016,1,0
9397341,2016,4,0
9397342,2016,5,5
9397497,2016,1,0
9397605,2016,1,0
9398378,2016,1,0
9398422,2016,4,0
9398879,2016,2,1
9399071,2016,2,0
9399072,2016,2,0
9399132,2016,7,2
9399357,2016,5,0
9399374,2016,1,0
9399391,2016,2,0
9399683,2016,2,0
9399766,2016,1,0
9399773,2016,2,0
9399777,2016,1,0
9399946,2016,1,0
9400346,2016,1,0
9400611,2016,1,0
9400862,2016,1,0
9400957,2016,1,0
9401358,2016,1,0
9401371,2016,3,1
9401376,2016,1,0
9401388,2016,1,0
9401414,2016,1,1
9401442,2016,1,0
9401443,2016,1,0
9401449,2016,1,0
9401450,2016,1,0
9401489,2016,1,0
9401584,2016,2,0
9401625,2016,7,2
9401714,2016,4,0
9402724,2016,1,0
9402816,2016,1,0
9403121,2016,1,0
9403886,2016,1,0
9404002,2016,2,1
9404078,2016,1,0
9404117,2016,4,0
9404135,2016,1,0
9404663,2016,1,0
9404674,2016,1,0
9405231,2016,1,0
9406398,2016,1,0
9406485,2016,2,0
9406507,2016,1,0
9406614,2016,1,0
9406666,2016,1,0
9406691,2016,1,0
9406694,2016,2,4
9406722,2016,1,0
9406768,2016,1,0
9406786,2016,3,0
9406806,2016,1,0
9406808,2016,1,0
9406872,2016,2,0
9407065,2016,1,0
9407164,2016,1,0
9409131,2016,1,2
9409155,2016,1,0
9409781,2016,1,0
9410020,2016,1,0
9410079,2016,1,0
9410091,2016,1,0
9410163,2016,2,0
9410243,2016,1,0
9410748,2016,1,0
9410873,2016,1,0
9410949,2016,1,0
9412060,2016,1,1
9412599,2016,2,2
9412614,2016,3,3
9412752,2016,2,0
9412755,2016,2,2
9412756,2016,1,0
9412763,2016,1,0
9412768,2016,2,0
9412785,2016,2,2
9412798,2016,3,0
9412816,2016,2,0
9412852,2016,1,0
9412867,2016,2,1
9412876,2016,3,0
9412877,2016,3,0
9412905,2016,1,0
9412922,2016,5,0
9412977,2016,4,2
9412986,2016,2,0
9413148,2016,1,0
9413155,2016,1,0
9413287,2016,1,0
9413826,2016,1,0
9414923,2016,8,4
9415020,2016,3,0
9415084,2016,2,0
9415660,2016,1,0
9416010,2016,1,0
9416087,2016,3,3
9416290,2016,2,0
9416303,2016,3,0
9416326,2016,3,1
9416361,2016,1,0
9416774,2016,3,0
9416818,2016,1,0
9416927,2016,1,0
9416940,2016,2,0
9417141,2016,1,0
9417209,2016,6,1
9417240,2016,1,0
9417302,2016,2,0
9417515,2016,1,0
9417576,2016,1,0
9418770,2016,2,0
9418910,2016,1,0
9418957,2016,1,0
9418996,2016,2,0
9419113,2016,1,3
9419146,2016,1,1
9419195,2016,1,1
9419442,2016,2,0
9419558,2016,2,0
9420716,2016,1,0
9421219,2016,1,0
9421259,2016,1,0
9421260,2016,1,0
9421261,2016,1,0
9421477,2016,1,0
9421737,2016,1,0
9421785,2016,1,0
9422234,2016,1,0
9422237,2016,1,0
9422490,2016,1,0
9422494,2016,2,0
9422519,2016,1,0
9422582,2016,4,0
9422663,2016,1,0
9422740,2016,1,0
9423083,2016,1,0
9423154,2016,1,0
9424829,2016,1,0
9425044,2016,1,0
9425207,2016,2,0
9425211,2016,1,0
9425217,2016,2,0
9425220,2016,4,0
9425223,2016,1,0
9425224,2016,4,0
9425260,2016,1,1
9425271,2016,1,1
9425295,2016,3,2
9425299,2016,5,4
9425318,2016,2,1
9425340,2016,1,0
9425365,2016,1,0
9425380,2016,1,0
9425387,2016,1,0
9425405,2016,2,0
9425783,2016,1,0
9425798,2016,2,0
9425804,2016,1,0
9426949,2016,1,0
9427467,2016,1,0
9428067,2016,1,0
9428342,2016,1,0
9428393,2016,2,0
9428399,2016,2,0
9428518,2016,1,0
9428534,2016,3,2
9428646,2016,1,0
9428751,2016,3,0
9428757,2016,6,0
9428767,2016,2,0
9428772,2016,1,0
9431234,2016,1,0
9431412,2016,4,0
9431415,2016,2,0
9431419,2016,1,0
9431428,2016,2,0
9431429,2016,2,0
9431435,2016,1,0
9431465,2016,1,0
9431479,2016,1,0
9431483,2016,4,0
9431487,2016,1,0
9431501,2016,1,0
9431512,2016,6,0
9431539,2016,2,0
9431545,2016,5,2
9431825,2016,1,0
9431953,2016,5,2
9432254,2016,4,1
9433573,2016,1,0
9433574,2016,1,0
9433676,2016,1,0
9433677,2016,1,0
9433678,2016,1,0
9433681,2016,4,0
9434006,2016,1,0
9434133,2016,3,2
9434834,2016,1,2
9434905,2016,1,0
9434926,2016,1,0
9434956,2016,1,0
9434971,2016,1,0
9434982,2016,1,0
9434993,2016,1,0
9435014,2016,1,0
9435076,2016,4,2
9435317,2016,1,0
9437301,2016,1,0
9437308,2016,1,0
9437372,2016,3,0
9437391,2016,1,0
9437422,2016,1,0
9437428,2016,1,0
9437454,2016,1,0
9437501,2016,1,1
9437502,2016,2,0
9437575,2016,1,0
9437606,2016,1,4
9437623,2016,2,1
9437691,2016,1,0
9437700,2016,1,1
9437703,2016,1,0
9437704,2016,1,0
9437716,2016,1,0
9437732,2016,1,0
9437741,2016,1,0
9437744,2016,1,0
9437747,2016,3,0
9437748,2016,4,1
9437751,2016,1,0
9437763,2016,1,0
9437766,2016,1,0
9437774,2016,5,0
9437794,2016,1,1
9438035,2016,1,0
9438037,2016,1,0
9439439,2016,1,0
9439859,2016,5,0
9439964,2016,1,0
9439965,2016,1,0
9440259,2016,1,0
9440847,2016,1,0
9440856,2016,2,0
9440885,2016,1,1
9440931,2016,1,0
9441156,2016,1,0
9441239,2016,1,0
9441244,2016,1,0
9441252,2016,1,0
9441255,2016,1,0
9441832,2016,1,0
9441863,2016,2,1
9442049,2016,4,1
9442338,2016,3,0
9442504,2016,1,0
9443043,2016,1,0
9443802,2016,1,0
9443830,2016,1,0
9443856,2016,1,0
9443888,2016,5,3
9443899,2016,1,0
9443934,2016,1,0
9443966,2016,1,0
9443987,2016,1,0
9443994,2016,1,0
9443998,2016,1,0
9444008,2016,1,0
9444285,2016,1,0
9445580,2016,1,0
9445586,2016,2,1
9446003,2016,4,0
9446126,2016,1,0
9446397,2016,4,4
9446575,2016,1,0
9447260,2016,1,0
9447344,2016,1,0
9447420,2016,1,0
9447431,2016,1,0
9447444,2016,2,0
9447470,2016,1,0
9447495,2016,1,0
9447775,2016,2,0
9447927,2016,1,0
9448325,2016,1,0
9449706,2016,2,0
9449765,2016,1,0
9449809,2016,1,0
9449831,2016,2,0
9449837,2016,1,0
9449840,2016,2,0
9449846,2016,24,107
9449855,2016,1,0
9449859,2016,3,0
9449966,2016,1,0
9449982,2016,4,0
9449987,2016,8,5
9449991,2016,3,0
9449996,2016,4,0
9449999,2016,1,0
9450001,2016,1,0
9450012,2016,2,0
9450040,2016,1,0
9450043,2016,1,0
9450053,2016,2,0
9450102,2016,2,0
9450114,2016,1,0
9450133,2016,1,0
9450145,2016,1,0
9450379,2016,2,1
9450410,2016,1,0
9450414,2016,1,0
9453060,2016,1,0
9453111,2016,1,0
9453118,2016,1,0
9453230,2016,2,0
9453250,2016,2,0
9453305,2016,1,0
9453658,2016,1,0
9453811,2016,2,0
9453814,2016,1,0
9453937,2016,1,0
9454368,2016,1,0
9455021,2016,2,0
9455044,2016,1,0
9455065,2016,1,0
9455118,2016,1,0
9455142,2016,2,1
9455150,2016,1,0
9455257,2016,1,1
9455262,2016,6,1
9455267,2016,3,2
9455280,2016,2,0
9455300,2016,5,0
9455349,2016,3,0
9455421,2016,1,0
9455430,2016,3,0
9455663,2016,1,0
9456983,2016,1,0
9456992,2016,3,0
9457103,2016,1,0
9457463,2016,3,0
9458090,2016,1,0
9458205,2016,1,0
9458247,2016,1,0
9458311,2016,1,0
9458353,2016,1,0
9458439,2016,2,0
9458482,2016,1,0
9458517,2016,1,0
9458831,2016,1,0
9458989,2016,1,0
9459026,2016,1,0
9459261,2016,1,0
9460028,2016,9,10
9460702,2016,1,0
9460793,2016,1,0
9460911,2016,1,0
9460918,2016,1,0
9460931,2016,4,0
9461030,2016,1,0
9461031,2016,1,0
9461077,2016,1,0
9461112,2016,2,0
9461149,2016,4,0
9461179,2016,1,0
9461242,2016,2,0
9461244,2016,1,0
9461274,2016,2,0
9461355,2016,1,0
9461609,2016,4,0
9461610,2016,4,0
9462634,2016,1,0
9462662,2016,2,0
9462699,2016,1,0
9462794,2016,5,2
9463234,2016,1,0
9463444,2016,1,0
9463976,2016,1,0
9464123,2016,1,0
9464131,2016,1,0
9464290,2016,1,0
9464294,2016,1,0
9464334,2016,4,1
9464769,2016,1,0
9465051,2016,3,1
9466034,2016,1,0
9466339,2016,1,1
9466481,2016,1,0
9466575,2016,1,0
9466615,2016,5,1
9466618,2016,1,0
9466633,2016,4,0
9466686,2016,1,0
9466737,2016,1,0
9466743,2016,1,0
9466756,2016,1,1
9466787,2016,1,0
9466790,2016,1,0
9466799,2016,1,0
9468607,2016,2,0
9468687,2016,1,0
9468902,2016,1,0
9469540,2016,1,0
9469541,2016,1,0
9469613,2016,1,0
9469626,2016,1,0
9469677,2016,1,0
9469680,2016,1,0
9469777,2016,1,0
9469851,2016,1,0
9469918,2016,1,0
9469986,2016,1,0
9470399,2016,1,0
9470652,2016,1,0
9470694,2016,1,0
9470699,2016,1,0
9471238,2016,1,0
9472126,2016,1,0
9472295,2016,2,1
9472398,2016,1,0
9472405,2016,2,0
9472471,2016,2,0
9472559,2016,1,0
9472588,2016,2,0
9472641,2016,1,0
9472656,2016,1,0
9472675,2016,1,0
9472678,2016,1,0
9472680,2016,2,0
9472683,2016,6,0
9472711,2016,1,0
9472723,2016,1,0
9472773,2016,1,0
9472788,2016,1,0
9473753,2016,1,0
9474717,2016,5,0
9475586,2016,1,0
9475709,2016,3,0
9475804,2016,3,0
9475922,2016,1,0
9476035,2016,1,0
9476062,2016,1,0
9476352,2016,1,0
9476402,2016,1,0
9476830,2016,1,0
9477024,2016,1,2
9477263,2016,1,0
9478324,2016,4,0
9478363,2016,1,0
9478438,2016,1,0
9478530,2016,1,0
9478535,2016,1,0
9478545,2016,1,2
9478574,2016,2,0
9478597,2016,2,0
9478603,2016,1,0
9478611,2016,1,0
9478668,2016,5,0
9478684,2016,1,0
9478688,2016,1,0
9478709,2016,1,1
9478736,2016,1,0
9478858,2016,1,0
9479110,2016,1,0
9479259,2016,1,0
9480191,2016,1,0
9480207,2016,1,0
9480698,2016,1,0
9481125,2016,2,0
9481598,2016,6,0
9481793,2016,1,0
9481949,2016,1,0
9482625,2016,1,0
9482785,2016,3,0
9482887,2016,1,0
9482970,2016,1,0
9484155,2016,1,0
9484206,2016,1,1
9484267,2016,1,0
9484274,2016,1,0
9484286,2016,1,0
9484287,2016,1,0
9484354,2016,1,0
9484355,2016,1,0
9484357,2016,4,3
9484389,2016,2,0
9484405,2016,4,0
9484406,2016,3,0
9484447,2016,2,0
9484469,2016,1,0
9484504,2016,1,0
9484527,2016,3,0
9484532,2016,1,0
9485872,2016,1,0
9486408,2016,1,0
9486508,2016,2,0
9487404,2016,1,0
9487420,2016,1,0
9487808,2016,1,0
9487885,2016,1,0
9487914,2016,1,0
9488394,2016,3,1
9488907,2016,1,0
9489701,2016,2,0
9490027,2016,1,0
9490145,2016,3,0
9490268,2016,1,0
9490320,2016,1,0
9490321,2016,2,0
9490340,2016,1,0
9490373,2016,1,0
9490407,2016,1,0
9490414,2016,1,0
9490425,2016,1,0
9490429,2016,2,2
9491388,2016,4,2
9491853,2016,1,0
9491947,2016,2,0
9492763,2016,1,0
9492826,2016,1,0
9492851,2016,1,0
9493348,2016,1,0
9493379,2016,4,0
9493380,2016,1,0
9493588,2016,1,0
9493640,2016,1,0
9493684,2016,1,0
9493695,2016,1,0
9493803,2016,1,0
9493805,2016,2,0
9494068,2016,1,0
9494159,2016,1,0
9494297,2016,1,0
9494338,2016,2,0
9494339,2016,1,0
9494830,2016,2,0
9495515,2016,1,0
9496053,2016,2,0
9496060,2016,1,0
9496278,2016,1,0
9496307,2016,1,0
9496338,2016,1,0
9496355,2016,1,0
9496365,2016,1,0
9496393,2016,2,0
9496406,2016,1,1
9496411,2016,2,0
9496412,2016,1,0
9496416,2016,3,0
9496419,2016,1,0
9496610,2016,1,0
9496743,2016,1,0
9496751,2016,1,0
9497370,2016,21,43
9498286,2016,1,0
9498439,2016,2,0
9498536,2016,1,0
9499209,2016,1,0
9499451,2016,1,0
9499614,2016,4,0
9499635,2016,1,0
9499939,2016,5,1
9500341,2016,3,0
9500519,2016,1,0
9501354,2016,1,0
9502103,2016,1,0
9502133,2016,1,0
9502182,2016,1,0
9502289,2016,4,0
9502310,2016,1,0
9502345,2016,1,0
9502445,2016,1,0
9502492,2016,1,0
9502493,2016,1,0
9502500,2016,1,0
9502509,2016,4,0
9502518,2016,2,0
9502521,2016,1,0
9502523,2016,1,0
9502572,2016,1,0
9502597,2016,1,0
9505000,2016,1,0
9505192,2016,5,0
9505619,2016,1,37
9505623,2016,2,0
9506098,2016,1,0
9506186,2016,1,0
9506202,2016,1,0
9506627,2016,1,0
9507182,2016,2,0
9507183,2016,3,0
9507206,2016,1,0
9507320,2016,1,0
9507390,2016,5,1
9508531,2016,1,0
9508543,2016,1,0
9508547,2016,2,1
9508555,2016,1,0
9508630,2016,1,0
9508712,2016,1,0
9508740,2016,1,0
9508750,2016,1,0
9508758,2016,1,0
9510653,2016,1,0
9511046,2016,4,0
9511106,2016,1,0
9511352,2016,4,0
9512122,2016,1,0
9512208,2016,1,0
9512210,2016,1,0
9512214,2016,3,0
9512332,2016,1,0
9512376,2016,1,0
9512545,2016,1,0
9512698,2016,4,0
9512826,2016,1,0
9513240,2016,1,0
9513405,2016,1,0
9515116,2016,1,0
9515139,2016,1,0
9515147,2016,1,0
9515153,2016,1,0
9515166,2016,2,0
9515192,2016,2,0
9515220,2016,1,0
9515290,2016,2,0
9515602,2016,1,0
9515631,2016,2,0
9516428,2016,1,0
9517295,2016,3,4
9517444,2016,1,0
9517448,2016,5,0
9518181,2016,2,0
9518277,2016,1,0
9518391,2016,1,0
9519033,2016,1,0
9519097,2016,1,0
9519185,2016,3,0
9519198,2016,1,0
9519219,2016,1,0
9520258,2016,1,0
9520288,2016,1,0
9520303,2016,20,60
9520381,2016,1,0
9520408,2016,1,0
9520489,2016,1,0
9520504,2016,1,0
9520573,2016,2,0
9520598,2016,3,0
9522220,2016,1,0
9522288,2016,6,0
9522953,2016,3,0
9523054,2016,1,0
9523104,2016,3,0
9523539,2016,1,0
9523732,2016,1,0
9523865,2016,1,0
9523868,2016,3,0
9524786,2016,1,0
9524970,2016,5,0
9524980,2016,1,0
9525038,2016,1,0
9525086,2016,1,0
9525099,2016,1,0
9525123,2016,2,0
9525148,2016,2,0
9525286,2016,1,0
9525364,2016,1,0
9526693,2016,2,0
9527254,2016,1,0
9527314,2016,1,0
9528198,2016,1,0
9528366,2016,1,0
9528367,2016,1,0
9528372,2016,1,0
9528893,2016,2,0
9528991,2016,2,0
9529126,2016,1,0
9529433,2016,6,7
9530640,2016,2,0
9530661,2016,2,0
9530697,2016,2,0
9530712,2016,1,0
9530790,2016,4,0
9530793,2016,2,0
9530806,2016,2,0
9530843,2016,1,0
9530856,2016,1,0
9530892,2016,5,0
9530894,2016,2,0
9530897,2016,2,1
9530905,2016,1,0
9530931,2016,1,0
9530977,2016,1,0
9531198,2016,2,0
9532963,2017,1,0
9533299,2017,3,0
9533352,2017,1,0
9534173,2017,1,0
9534242,2017,1,0
9534963,2017,1,0
9535264,2017,2,0
9535282,2017,1,0
9535418,2017,1,0
9535620,2017,1,1
9535731,2017,1,0
9535834,2017,1,0
9536129,2017,1,0
9536615,2017,1,0
9536732,2017,2,0
9536735,2017,1,0
9536748,2017,3,2
9536881,2017,2,0
9536885,2017,1,0
9536897,2017,3,3
9536904,2017,2,0
9536908,2017,1,0
9536984,2017,1,0
9537012,2017,1,0
9537027,2017,1,0
9537060,2017,2,0
9537073,2017,1,0
9537089,2017,1,0
9538691,2017,2,0
9539117,2017,1,0
9539208,2017,3,0
9539800,2017,1,0
9539906,2017,1,0
9540408,2017,1,0
9540498,2017,1,0
9540524,2017,1,0
9541306,2017,1,0
9541578,2017,4,0
9541830,2017,1,0
9541846,2017,1,0
9542028,2017,4,0
9542888,2017,2,0
9542989,2017,2,0
9543011,2017,1,0
9543028,2017,1,0
9543080,2017,1,0
9543140,2017,1,0
9543143,2017,1,0
9543148,2017,2,0
9543156,2017,2,0
9543246,2017,1,0
9543315,2017,1,0
9543320,2017,1,0
9543322,2017,1,0
9543337,2017,1,0
9543413,2017,1,0
9543481,2017,1,0
9543523,2017,1,0
9543890,2017,1,0
9545363,2017,1,0
9545611,2017,1,0
9545852,2017,4,7
9546187,2017,1,0
9546369,2017,1,0
9546400,2017,3,1
9546801,2017,1,0
9548188,2017,1,0
9548381,2017,1,0
9548393,2017,1,0
9548395,2017,1,0
9548415,2017,2,0
9548467,2017,1,0
9550169,2017,1,0
9550309,2017,1,0
9550773,2017,2,0
9550836,2017,1,0
9550863,2017,3,0
9550869,2017,1,0
9550872,2017,1,1
9551030,2017,1,0
9551839,2017,1,0
9553016,2017,1,0
9553100,2017,1,1
9553109,2017,1,0
9553127,2017,1,0
9553201,2017,1,0
9553423,2017,2,0
9554563,2017,2,0
9555365,2017,1,0
9556574,2017,1,0
9556856,2017,1,0
9557053,2017,1,0
9557077,2017,2,0
9557648,2017,1,0
9558063,2017,2,0
9558794,2017,1,0
9558833,2017,1,0
9558860,2017,1,0
9558942,2017,1,0
9559015,2017,1,0
9559131,2017,1,0
9559160,2017,1,0
9559164,2017,1,0
9559173,2017,1,0
9559213,2017,1,0
9559404,2017,1,0
9559691,2017,1,0
9559693,2017,2,0
9560735,2017,1,0
9561192,2017,1,0
9561288,2017,4,0
9561962,2017,1,0
9562251,2017,1,0
9562328,2017,1,0
9562521,2017,1,0
9562849,2017,3,1
9564232,2017,1,1
9564309,2017,1,0
9564467,2017,1,0
9564522,2017,1,0
9564535,2017,1,0
9564756,2017,1,0
9565852,2017,1,0
9567218,2017,1,0
9567224,2017,5,0
9567265,2017,1,0
9567558,2017,1,0
9567598,2017,1,0
9567601,2017,1,0
9567653,2017,2,0
9568287,2017,1,0
9568948,2017,1,0
9570208,2017,1,0
9570314,2017,2,0
9570358,2017,2,1
9570399,2017,1,0
9570460,2017,1,0
9570464,2017,4,0
9570502,2017,1,0
9570515,2017,1,0
9570549,2017,1,0
9570552,2017,1,0
9570626,2017,1,0
9570642,2017,1,0
9572261,2017,1,0
9572800,2017,1,0
9572918,2017,5,0
9574107,2017,1,0
9574210,2017,1,0
9574352,2017,1,0
9574551,2017,1,0
9575234,2017,2,0
9576313,2017,1,0
9576568,2017,1,0
9576642,2017,1,0
9576790,2017,1,0
9576817,2017,3,0
9576924,2017,1,0
9577005,2017,1,0
9577100,2017,1,0
9577110,2017,1,0
9577164,2017,1,0
9577204,2017,1,0
9577571,2017,2,0
9578691,2017,1,0
9580727,2017,3,0
9581109,2017,1,0
9581838,2017,3,0
9581854,2017,1,0
9583180,2017,1,0
9583338,2017,1,0
9583356,2017,1,1
9583385,2017,4,6
9583390,2017,1,0
9583491,2017,1,0
9583504,2017,1,0
9583509,2017,2,0
9583533,2017,1,0
9583538,2017,1,0
9583630,2017,2,0
9584021,2017,1,0
9586385,2017,1,0
9587020,2017,1,0
9587241,2017,1,0
9587970,2017,1,0
9588416,2017,1,0
9589788,2017,1,0
9589790,2017,4,0
9589887,2017,1,0
9589963,2017,3,0
9590011,2017,2,0
9590038,2017,2,0
9590061,2017,1,0
9591751,2017,1,0
